snp_id,intercept,pc1_coef,pc2_coef,pc3_coef,pc4_coef,pc5_coef,pc6_coef,pc7_coef,pc8_coef,pc9_coef,pc10_coef,min_eaf,max_eaf
rs2228145,1.00332114943852,-9.38994959940529,-3.88546221450268,14.4450199078389,0,0,0,0,0,0,0,0.311764705882353,0.947058823529412
rs4537545,0.200671700976949,6.86075261545695,0.000185175750644847,14.7583621556281,0,0,0,0,0,0,0,0.277777777777778,0.768817204301075
rs7529229,0.179210229151654,6.83779124182481,-0.0976633733959494,14.4280109780695,0,0,0,0,0,0,0,0.259259259259259,0.763440860215054
rs1205,0.737427564155642,-7.26246756511508,5.76378081124986,1.17725128322499,0,0,0,0,0,0,0,0.307692307692308,0.858585858585859
rs3091244,-1.27162010829202,-3.55624116046989,14.6528541503501,-6.61326549328761,0,0,0,0,0,0,0,0.0285714285714286,0.378787878787879
rs12916,0.376034942791612,-6.66174053783594,-0.224709023093248,-1.83118538274619,0,0,0,0,0,0,0,0.393203883495146,0.848484848484849
rs2479409,0.431437865771915,-5.92331367156024,9.63609521124528,14.0069863396263,0,0,0,0,0,0,0,0.211764705882353,0.827433628318584
rs6511720,-2.47075171668413,-6.93175284092845,11.7379173919943,0.155960002131285,0,0,0,0,0,0,0,0.0142857142857143,0.186868686868687
rs4420638,-1.78398455515262,-4.32996821107226,2.90850045998573,6.09343579748912,0,0,0,0,0,0,0,0.0529411764705882,0.297979797979798
rs1558902,-1.4175572218333,8.27903314833553,10.9361183830897,6.03282728521156,0,0,0,0,0,0,0,0.0202020202020202,0.490654205607477
rs10938397,-0.752757308232728,4.08102790319049,4.67033563339321,-1.3901992513315,0,0,0,0,0,0,0,0.147058823529412,0.466346153846154
rs2867125,1.90954979859996,-1.663570375187,-7.19619649169405,-3.78588808982129,0,0,0,0,0,0,0,0.766990291262136,0.95959595959596
rs7903146,-1.48238320843059,-5.35614112363407,20.2550740063141,2.11331656572726,0,0,0,0,0,0,0,0.0101010101010101,0.397196261682243
rs1801282,-3.15858061758078,13.8410061185985,16.5559704972991,-9.24517006044017,0,0,0,0,0,0,0,0.00505050505050505,0.264705882352941
rs5219,-1.30358083147517,14.0601727994972,4.3692431765878,1.32270750214789,0,0,0,0,0,0,0,0.00505050505050505,0.444444444444444
rs6983267,0.740675690290882,-17.032810866008,-0.224578924089013,0.605817018167593,0,0,0,0,0,0,0,0.288461538461538,1
rs10795668,-1.5606592115335,14.8993738828144,0.376536234654028,-3.88249995461585,0,0,0,0,0,0,0,0.00505050505050505,0.403846153846154
rs3802842,-0.955203194978874,-2.16032839198251,-7.32734298483256,5.33160188193868,0,0,0,0,0,0,0,0.0941176470588235,0.457142857142857
rs17367504,-1.96938471815294,1.03322290652211,1.75520594505325,13.6014366439066,0,0,0,0,0,0,0,0.0470588235294118,0.232558139534884
rs1327235,-0.17244752800705,-0.807330721955479,-3.39767620269881,14.4005102129207,0,0,0,0,0,0,0,0.111764705882353,0.621212121212121
